{"averageTrainLoss": [25.39649873971939, 15.91678911447525, 11.69877877831459], "charErrorRates": [1.0, 0.7895452485269678, 0.5289318628191569], "wordAccuracies": [0.0, 0.02578268876611418, 0.07458563535911603], "averageValLoss": [19.72837309403853, 16.213060465725984, 12.037344672463156]}